0.064,RedForwardA,-1.0876392112656972,3.2182580221947776,0.322115737468645,-2.402036336603115,3.203398019117302,0.32211575104670365,-1.7743744807953634,3.211810497736213,0.3221157607973467,3.3478627347911294,-3.1747118029830768,0.32082704976923715,2.6625613728424775,-3.175041923031348,0.32058796583596866,1.9014940689787565,-3.172986407296906,0.3217289378273365,1.1008151789506408,-3.170435393765055,0.320880299190933,-6.507520124735106e-09,-2.2349073078607116e-06,0.025026212419095743
0.128,RedForwardA,-1.089459117253754,3.215938547527179,0.31971186336446034,-2.40112994982152,3.2081427516539303,0.31899635547156346,-1.7739772005236196,3.2165833412171803,0.3189965846343209,3.3498087422708926,-3.1721708384204264,0.31899390782243925,2.662114693557773,-3.179789655431848,0.31802098225132414,1.9011450142194406,-3.177744027046716,0.31874922990979343,1.1007198561716292,-3.1751902717696874,0.3182075305083494,-1.6302751805409206e-08,-5.598928385906584e-06,0.041118615011149155
0.192,RedForwardA,-1.0975736108661818,3.212604373079415,0.3135509118184162,-2.3957916918854587,3.2157760026563893,0.3129871517682425,-1.7732964657272783,3.2242450453657936,0.3127537852988993,3.357941902133786,-3.167854467562039,0.3131228078819507,2.661262921565387,-3.187407754094276,0.3121299506462297,1.9003183262488739,-3.185371820786839,0.3125950499730039,1.1001849699287725,-3.1828249183777917,0.3122484782726347,-2.9362754759126323e-08,-1.0084184748148892e-05,0.05141138563238433
0.256,RedForwardA,-1.1032199371013993,3.2121391339803314,0.3094223032895239,-2.390795293158687,3.220920972442037,0.3091343611743791,-1.7732326467039208,3.2293922581215564,0.30888402825701833,3.3637123589571014,-3.166759981661203,0.30916121778539346,2.661078329468779,-3.1925372510754295,0.3084854883423286,1.900142888931428,-3.1905124737371358,0.3087826270652032,1.1001996555765283,-3.187961094068636,0.3085612435332839,-4.5573845935061e-08,-1.5651633706134412e-05,0.05799468329054705
0.32,RedForwardA,-1.1075708335904964,3.212120099349972,0.30652596748576943,-2.3844992776260576,3.223405588334657,0.30760526656767195,-1.7737196711997671,3.232274358074121,0.30691829221131955,3.3681659881565875,-3.1662925027141764,0.30636867453813704,2.6614981301969007,-3.195424454726581,0.3066639166660895,1.9005694818226286,-3.1934118679890102,0.306853762025095,1.1007354418319837,-3.1908433528199063,0.3067125454813667,-6.476328422915568e-08,-2.224194999483575e-05,0.06220538706008563
0.384,RedForwardA,-1.109588058405544,3.211732136098,0.30463112949894244,-2.3777458283110673,3.224745129501282,0.30703871271197636,-1.774738797506705,3.233871954726465,0.30599652657856435,3.3702086827795092,-3.1656938731637325,0.30453665163606525,2.662480494673329,-3.1970476867379207,0.30583427106799654,1.9015569812782038,-3.1950507617683765,0.30595560053395626,1.1017857002842677,-3.192453545961331,0.305865627630562,-8.672898834997024e-08,-2.978573191495581e-05,0.06489857019645037
0.448,RedForwardA,-1.1089382174212687,3.209330438024152,0.30379041534795836,-2.368116975736082,3.225754026771505,0.307599990033813,-1.776444261854693,3.234739927332885,0.30559242926505065,3.369388464676442,-3.1633348347808368,0.3037345980367549,2.6641662976645644,-3.1979650813120633,0.3054889903160822,1.9032467010178458,-3.1959896400387486,0.30556657057750036,1.1035118703267606,-3.1933473225209483,0.3055093139896311,-1.1125785053511394e-07,-3.820979089597196e-05,0.06662114100714531
0.512,RedForwardA,-1.103703210588645,3.2029617254298657,0.3037943662311613,-2.360801443411154,3.2250811128369534,0.3089265575325354,-1.7790272575596688,3.2352401918352895,0.3054366578604972,3.363640710136329,-3.157423540436479,0.30376322966988406,2.666737485888486,-3.1985436482851655,0.3053707497351391,1.905820096102404,-3.196598061526589,0.30542039530679255,1.106108008560996,-3.1938890949148737,0.3053840069308975,-1.381368053580477e-07,-4.744095290696852e-05,0.06772290425440661
0.5760000000000001,RedForwardA,-1.0965050412472666,3.197554353444114,0.3059311802927166,-2.361084398320856,3.224943961970896,0.3127953918406306,-1.7832397924327625,3.2354323301926247,0.30543417841595505,3.3559755454744518,-3.1526859342202864,0.3059088102458118,2.6709450856202896,-3.1988659972969553,0.30539221884879897,1.9100293010148948,-3.196967173209577,0.30542403824531,1.1103302584107875,-3.1941506624986076,0.30540096554582125,-1.671593147270568e-07,-5.740828562936336e-05,0.06842759647689037
0.64,RedForwardA,-1.0850772611938366,3.1888957640846916,0.3070213385907603,-2.3641937624810794,3.227281107238281,0.31443543579128963,-1.7892001256535912,3.2354997467670366,0.3054820888042656,3.3438905680470508,-3.1448518922670488,0.3070252586401598,2.6769023250885406,-3.1991188371624366,0.30545539790553167,1.915986768926312,-3.197285184427578,0.3054758249539109,1.1162969951597184,-3.194317147018108,0.3054612300736145,-1.9812896940978721e-07,-6.804433534498091e-05,0.06887832046830905
0.704,RedForwardA,-1.0756093954674806,3.1804469744745787,0.3072252698974432,-2.368198261301551,3.230368136768213,0.3141235988809711,-1.797411110496939,3.235343392416925,0.3056436691328301,3.333724274481819,-3.1372042545511367,0.307230908261114,2.6851153679759263,-3.199218690795868,0.3056267095693026,1.9242003082744616,-3.1974742794878783,0.30563984750716283,1.1245146236263712,-3.1942977820638796,0.30563064338284324,-2.3086129180543745e-07,-7.928574607022028e-05,0.06916660535345973
0.768,RedForwardA,-1.068827845748649,3.173123538758016,0.30704249191326527,-2.3742221214899337,3.2300592520583584,0.3162807175153775,-1.8060437986003008,3.235084224608367,0.30567073173564296,3.3263267116018995,-3.1304662969277457,0.3070471869306673,2.6937526645615875,-3.1992291636157586,0.3056599595267498,1.93283827126637,-3.197578389706362,0.30566840668659556,1.1331536536662052,-3.1941828211526473,0.30566260503629095,-2.6518443046267277e-07,-9.10734980776039e-05,0.06935099353021458
0.8320000000000001,RedForwardA,-1.0638638120002988,3.1684424364466652,0.3057983780812738,-2.3774531666157257,3.229030691770932,0.31602414533703194,-1.8135422187606234,3.234777695798294,0.30546329270825934,3.3209646155555466,-3.1262130730550073,0.305802053156775,2.7012576200341063,-3.1991569519481518,0.3054564443424439,1.9403441303962277,-3.19758732258443,0.30546185653738067,1.1406581849474033,-3.1940012648361167,0.30545820002108104,-3.009391846067472e-07,-0.00010335291631912196,0.06946892895268356
0.896,RedForwardA,-1.0616356958771382,3.1656831791105318,0.304433829050265,-2.377513149613352,3.2275810584814035,0.31442835466395624,-1.818235868490557,3.2347300160929104,0.3055241965601355,3.3184954286860573,-3.1236472327676004,0.30443642403165677,2.705951213381122,-3.1992558432527165,0.3055198515817993,1.9450363049122097,-3.197736742786909,0.3055233148574047,1.1453534148658249,-3.1940312549058487,0.30552101236478735,-3.379786357194029e-07,-0.00011607354389822486,0.06954436092513754
0.96,RedForwardA,-1.0627596491068196,3.1623974218638002,0.30396128728587535,-2.3783655001745507,3.2253298212257793,0.31196289530969956,-1.822634281380607,3.2349678680781633,0.3060598384310376,3.319327176001864,-3.1202758178937553,0.3039629082752425,2.710340728962726,-3.1996311475560097,0.3060570855310828,1.9494213032027043,-3.198159364324319,0.3060592939482247,1.149748227853792,-3.1943421281049105,0.30605785033517435,-3.7616756031349346e-07,-0.00012918894039614564,0.06959260751931043
1.024,RedForwardA,-1.0694138298842861,3.1569202578593467,0.3040229608860971,-2.3785180621798236,3.2239217777458298,0.3099338623823955,-1.8268512672675818,3.2352571769589114,0.3055638207172352,3.325489177919974,-3.1142567525812375,0.30402372282373236,2.714547155719023,-3.200052185915798,0.30556207767154187,1.953622739203267,-3.1986257653472547,0.30556348401913586,1.1539604197666884,-3.1947016078138644,0.30556257691384536,-4.153817324655288e-07,-0.00014265644233755435,0.06962346623574717
1.088,RedForwardA,-1.0813653829023635,3.15068422994714,0.3074866585968116,-2.3767181261819634,3.223009142210446,0.3087099005347382,-1.829778940744203,3.2354232292323806,0.30492798552759737,3.3368674929088975,-3.1070393137757217,0.30748665714291334,2.717468580433787,-3.2003097055129937,0.3049268800048866,1.956541065579067,-3.1989147969911915,0.3049277754661294,1.1568852703669443,-3.1949164146948945,0.304927202745372,-4.5550718297531606e-07,-0.00015643690876041168,0.06964320359536466
1.1520000000000001,RedForwardA,-1.098994643008432,3.140469032765111,0.30835815748977913,-2.376096656028524,3.222388228517873,0.30735245424560514,-1.8311569189175754,3.2352756947343915,0.30467808391581674,3.3535713406217442,-3.0953777847686457,0.30835808384908386,2.718850723362993,-3.2002053361259715,0.3046773814159669,1.9579241657041417,-3.1988253456165503,0.3046779515074544,1.1582657084007533,-3.1947918384107523,0.3046775888727955,-4.964394555834106e-07,-0.00017049446577524063,0.06965582769024936
1.216,RedForwardA,-1.11227897122059,3.1338014383123864,0.30814777473360455,-2.376243746200707,3.2233387106232243,0.3059105633693925,-1.8308135468854927,3.234855703155711,0.30503394615168267,3.3662449060051673,-3.087617545873133,0.3081475494914913,2.7185207666098288,-3.199774826861074,0.3050334999808437,1.957598835085048,-3.1983912848280664,0.3050338622500413,1.157929484237873,-3.1943660970649814,0.3050336328913312,-5.380828839787993e-07,-0.00018479625826464644,0.06966390211228683
1.28,RedForwardA,-1.12022171836516,3.1299692430947226,0.3067201197837997,-2.3762798534962615,3.223821642354252,0.3060933708973653,-1.8283019254076693,3.234474980672575,0.3053834793384395,3.3738359590342473,-3.083131332202204,0.30671986747071545,2.716022321365198,-3.1993157855995022,0.30538319774261946,1.9551054820602574,-3.1979052699548505,0.3053834265180752,1.155424594640919,-3.1939433761787384,0.3053832825560529,-5.80349902843498e-07,-0.00019931221327223136,0.06966906654520028
1.344,RedForwardA,-1.1234379320568475,3.127579479480319,0.3052452560084939,-2.3764007085090237,3.2239450993777505,0.3059512942778704,-1.8222372319379416,3.2344564715558355,0.30500465553600375,3.376839275731872,-3.0804796262443372,0.30524503846686657,2.7099611749758945,-3.1991077132540844,0.30500448127451074,1.949046943452089,-3.1976317191931787,0.30500462334469974,1.1493610393601252,-3.1938233962555818,0.30500453478305256,-6.231603996455432e-07,-0.00021401481738586204,0.06967236973732098
1.408,RedForwardA,-1.1226673575021564,3.1242237486890687,0.3044871816412667,-2.3800902297795394,3.2241841384859984,0.30564758847306583,-1.8118870002258303,3.235784800972889,0.30483371465548736,3.375789166046897,-3.077200516734432,0.30448699842662125,2.6995744623631452,-3.2001118592649265,0.3048336109854505,1.9386500026272688,-3.19852358183566,0.30483369652862075,1.1389900031746385,-3.194978384030253,0.30483364387047407,-6.664411098677359e-07,-0.00022887890903835367,0.06967448247231693
1.472,RedForwardA,-1.1166773931799272,3.1174536438997396,0.304482447531305,-2.393354615508756,3.2261979826775646,0.3068910714778803,-1.799799809241998,3.2385755281935893,0.30577186891024255,3.3692513241275917,-3.070957929821207,0.30448228106794717,2.6874056068257874,-3.2025226708080026,0.30577178247513936,1.92645574596646,-3.200802523584249,0.305771835802645,1.1268576178920604,-3.197566132260927,0.30577181345026977,-7.101250559271258e-07,-0.00024388148581297225,0.06967583378613104
1.536,RedForwardA,-1.1074611008567818,3.1088079824675603,0.30595132940289976,-2.4027654337798103,3.2234537561866947,0.3073517213230228,-1.7851312817207052,3.2427044197314165,0.30654763067858587,3.3593345468719025,-3.063218448065946,0.30595302218426007,2.672617380477322,-3.2061896220629222,0.30654752482170694,1.9116295700960926,-3.2043089712026855,0.30654753767202453,1.1121232559715082,-3.201448315269132,0.30654757088852774,-7.541510286094826e-07,-0.0002590015263502081,0.06967669809188493
1.6,RedForwardA,-1.0961049223413382,3.1001121029548226,0.3070723310486761,-2.4046609111009873,3.2221589488029503,0.3073259772424851,-1.7690037279051665,3.247131365176192,0.30715990538421545,3.3472416088895787,-3.0556215887048066,0.30707344576601264,2.656355711753227,-3.21010600683058,0.3071598614297197,1.895325238006281,-3.2080479531664694,0.3071598741856742,1.0959220418574143,-3.205602653459478,0.30715988279433704,-7.76274605910648e-07,-0.00026659952737649,0.06967700525269893
1.6640000000000001,RedForwardA,-1.0862600642760076,3.0919302512277707,0.3072631031831421,-2.4123995461575376,3.2251963247894517,0.30776285459480085,-1.7542770004245278,3.251014812456766,0.30709675373835094,3.336716143188189,-3.048308276598386,0.3072655055874794,2.6415127831818386,-3.2135249141428215,0.3070968014994201,1.880445615934106,-3.2113054750557954,0.3070968277129761,1.0811313334595016,-3.209238028027568,0.30709678161411036,-7.76274605910648e-07,-0.00026659952737649,0.06967700525269893
1.728,RedForwardA,-1.0793046288451646,3.0847134167664887,0.3070787426926113,-2.4208754978692397,3.2275351947641657,0.30687978501709595,-1.7440137978480346,3.2538918438770437,0.30690296687297514,3.329175137327995,-3.041687442711585,0.30708235256873817,2.6311648807527557,-3.21607895674359,0.3069030648225244,1.8700708141787294,-3.213747264935883,0.30690309606599164,1.0708215506263168,-3.21194259826852,0.30690302175088413,-7.76274605910648e-07,-0.00026659952737649,0.06967700525269893
1.792,RedForwardA,-1.0742614161850537,3.080134793691693,0.30582716032956364,-2.419853022162866,3.226567168104717,0.3067640503034284,-1.7361049788904808,3.2571475038647058,0.30700641107033233,3.323768481355394,-3.0375345505401654,0.30583057002318104,2.6231585413332104,-3.2190851830969756,0.3070064749317377,1.862032584384869,-3.2166665653906295,0.30700649219852594,1.0628595784475325,-3.215065196413225,0.307006447456053,-7.76274605910648e-07,-0.00026659952737649,0.06967700525269893
1.856,RedForwardA,-1.0720091592977234,3.077436205182449,0.3044551693220683,-2.414286980965118,3.2260113012056646,0.30624904086220095,-1.730249609876701,3.2604454843687023,0.3063462325180266,3.3213036943892047,-3.035026140294585,0.30445795567849665,2.617203103925624,-3.22219787611855,0.30634626460898107,1.8560439027998197,-3.2197144890012916,0.3063462717045595,1.0569499430664238,-3.218264440431733,0.3063462514468345,-7.76274605910648e-07,-0.00026659952737649,0.06967700525269893
1.92,RedForwardA,-1.0731133249905236,3.074158533339088,0.30397698802486983,-2.4139512900775735,3.2206373330042593,0.3101959163524926,-1.7266729000851546,3.263076090331923,0.3055245697903745,3.3221384545504,-3.0316650652778607,0.30397924957611266,2.6135459765086826,-3.224714936738488,0.3055245839146356,1.8523597998140668,-3.222191721372778,0.30552458605247546,1.0533297614275112,-3.220834614515242,0.3055245786009039,-7.76274605910648e-07,-0.00026659952737649,0.06967700525269893
1.984,RedForwardA,-1.0797209926213902,3.0686109969811906,0.3040351061195082,-2.4208949576152947,3.210615773040804,0.3123974383921499,-1.7253098810778078,3.2647093105074605,0.3050927861186959,3.3282715533508784,-3.0255894758431356,0.3040370341119919,2.612132615352244,-3.2263045526082323,0.3050927915803987,1.8509293494457704,-3.2237659010675492,0.30509279172600534,1.0519396359339956,-3.2224447046016844,0.30509278986951427,-7.76274605910648e-07,-0.00026659952737649,0.06967700525269893
2.048,RedForwardA,-1.0916038435254054,3.0622267373344414,0.3075004207464686,-2.423507281819605,3.2020596861419692,0.30911473556500063,-1.7256094781901434,3.2651525571375237,0.3051941564112116,3.339588499967813,-3.018248675534315,0.3075029278016257,2.6124182983092714,-3.2267569644648266,0.3051941576486068,1.8512101502884806,-3.224221379411244,0.3051941570324157,1.0522318237551669,-3.222892911591233,0.30519415759694757,-7.76274605910648e-07,-0.00026659952737649,0.06967700525269893
2.112,RedForwardA,-1.1091135127861136,3.0517888310643206,0.30837315659257436,-2.418247143286018,3.1926541033015563,0.30615887693659977,-1.7276451377797157,3.264059627703723,0.3055345145395079,3.3561786937307607,-3.0064036422878164,0.30837631765191903,2.6144873342075194,-3.2257284550832765,0.30553451283212063,1.853290246263842,-3.2232153767038993,0.30553451169977075,1.0542855928179633,-3.221834320960512,0.3055345139533413,-7.76274605910648e-07,-0.00026659952737649,0.06967700525269893
2.176,RedForwardA,-1.1223147460256075,3.0449559179485117,0.30816182134636144,-2.4090720554315186,3.182012992046862,0.3042218758818976,-1.7323101618017143,3.2610126502514127,0.3050847571582845,3.368770603965734,-2.998507657749443,0.30816508792897446,2.6192457255539514,-3.222829397470953,0.30508475207648733,1.8580798220422798,-3.2203681195007943,0.3050847501873775,1.059001150687285,-3.218866124004591,0.3050847546543259,-7.76274605910648e-07,-0.00026659952737649,0.06967700525269893
2.24,RedForwardA,-1.1302116056058817,3.041026099664402,0.30672877514752717,-2.4083904701057057,3.1861264423144395,0.31169424119281763,-1.740854499369586,3.2557043378455166,0.3048295829446172,3.376317260121236,-2.9939402621376203,0.3067307514634946,2.6279524701220707,-3.2177918862735178,0.3048295737458637,1.8668407142289036,-3.215425378226877,0.30482957079858186,1.067633441642285,-3.213702069763753,0.30482957818381007,-7.76274605910648e-07,-0.00026659952737649,0.06967700525269893
2.3040000000000003,RedForwardA,-1.1334037017285998,3.0385984134990767,0.3052504554244734,-2.4069640384153517,3.1953248736898328,0.31166245648742547,-1.7513902012462024,3.249342910972143,0.30559193407363633,3.3793003045556547,-2.9912570800365526,0.30525161553791424,2.6386828965673637,-3.211764601326595,0.30559197268221994,1.8776359935306868,-3.20951498925918,0.3055919868239277,1.0782746366473699,-3.207518664662035,0.3055919548026121,-7.76274605910648e-07,-0.00026659952737649,0.06967700525269893
2.368,RedForwardA,-1.132596962830426,3.0352553255212937,0.30449011827732003,-2.406909178736354,3.201350503024744,0.3086096360752104,-1.7642965548659013,3.2414299168233813,0.30634189388202604,3.378222984079653,-2.9879912802092137,0.30449074084827993,2.651830835630201,-3.204260441906057,0.3063420151035079,1.8908644179554688,-3.202153896067194,0.30634205817369237,1.091311856362418,-3.1998234657594185,0.3063419586916244,-7.76274605910648e-07,-0.00026659952737649,0.06967700525269893
2.432,RedForwardA,-1.1265260750937418,3.028564923481152,0.30448380963178956,-2.4025208064579675,3.1999480672818637,0.31022965831776467,-1.7785182832705195,3.233085288476745,0.3069112445023342,3.3716233536493885,-2.981823605286613,0.3044840485771684,2.6663066840381107,-3.196366871239801,0.30691129267720973,1.9054247792154677,-3.1944180668558495,0.3069113094118721,1.1056713202201538,-3.1917191786614407,0.30691127082120145,-7.76274605910648e-07,-0.00026659952737649,0.06967700525269893
2.496,RedForwardA,-1.1172014810471262,3.0200555817120773,0.3059517529267973,-2.395201806614343,3.1923708010952976,0.30986614191116946,-1.791789961867166,3.2251559153369174,0.30696306117643546,3.3616224176038543,-2.9742103972767544,0.30595345463276313,2.6798237575278367,-3.1888579959863286,0.3069631235250454,1.919023586509104,-3.1870562700400797,0.3069631460182701,1.1190759404006052,-3.18401384995707,0.3069630945186895,-7.76274605910648e-07,-0.00026659952737649,0.06967700525269893
2.56,RedForwardA,-1.1057295187531686,3.011525629457464,0.3070721938977925,-2.390465151842339,3.180939191779081,0.3092605934438356,-1.8012468388163096,3.219510797432578,0.3066529529622698,3.3494396615690984,-2.9667650784292734,0.3070731675609607,2.6894526553107942,-3.1835115281784976,0.30665309499798854,1.9287097612280204,-3.181814262830962,0.30665314624300577,1.1286260186527772,-3.1785278545643134,0.30665302816274187,-7.76274605910648e-07,-0.00026659952737649,0.06967700525269893
2.624,RedForwardA,-1.0957781839288874,3.003474638076327,0.30726287746903336,-2.3833275271905294,3.1667292261240685,0.30684755895671373,-1.8090471876652139,3.215138593639918,0.30687270757018065,3.338830451516547,-2.9595727991717284,0.3072651563621443,2.697385533732515,-3.179385799937597,0.30687282516525194,1.9366866398678415,-3.177774696876747,0.3068728663130671,1.1364982379665218,-3.1742870098540643,0.30687276992598134,-7.76274605910648e-07,-0.00026659952737649,0.06967700525269893
2.688,RedForwardA,-1.088731420241894,2.996346842989229,0.30707877559262686,-2.3801848961471106,3.1601279547723187,0.3059171696356225,-1.8128885040781018,3.2122284524688816,0.30827379814873335,3.331216433111704,-2.953035545991107,0.3070823877375146,2.6999520185834633,-3.1782999754090873,0.3098892570473286,1.9434482556762434,-3.174536714185679,0.30629389641067284,1.1390489705511884,-3.1731639322468013,0.30988921058242813,-7.76274605910648e-07,-0.00026659952737649,0.06967700525269893
2.7520000000000002,RedForwardA,-1.0836313224895757,2.9918317934985392,0.30582727341948557,-2.3827795947843344,3.155781223038906,0.30533333574739935,-1.8083644786324355,3.211625861203016,0.30812776339517883,3.325765494871205,-2.9489417809536738,0.3058307260109081,2.694519058081298,-3.181544421922869,0.3121734358463235,1.9482227285362657,-3.1722215175635506,0.30543518759826604,1.1336642614199277,-3.176487441297543,0.3121733960122553,-7.76274605910648e-07,-0.00026659952737649,0.06967700525269893
2.816,RedForwardA,-1.0813461233664758,2.9891612791356805,0.3044552986302105,-2.3899591199198618,3.150654844649145,0.3055223214015593,-1.8006275857904912,3.2100836005389715,0.3074565539898365,3.3232748754815358,-2.9464599883897318,0.30445813581215936,2.6823383328563435,-3.188251750838569,0.31107406596687887,1.9507997673865465,-3.170699121622066,0.3049525780616226,1.1215830070441795,-3.183371950253014,0.31107402407652274,-7.76274605910648e-07,-0.00026659952737649,0.06967700525269893
2.88,RedForwardA,-1.0824097096152774,2.985869308402845,0.30397712762902473,-2.4058189029623787,3.141990251558684,0.3079970745281719,-1.7954944198284877,3.2091037479990514,0.3058851847912348,3.3240741349263767,-2.9430892813038874,0.30397944439954405,2.6609454747020003,-3.1996701069220843,0.307862052046803,1.9513467382871919,-3.1699796295098857,0.30504984002943436,1.1003593519379697,-3.195101486563289,0.30786201868876223,-7.76274605910648e-07,-0.00026659952737649,0.06967700525269893
2.944,RedForwardA,-1.0889474196048565,2.9802380092277825,0.3040352604374915,-2.422435155680867,3.1323541218777007,0.30769840120496855,-1.7913391644746575,3.208599537665401,0.3043901441888833,3.3301411721638576,-2.936945805287316,0.3040372516484939,2.63899767921927,-3.21169200070448,0.30037019167483425,1.9497915282666878,-3.1702850549424397,0.3054717296725973,1.0785895870899211,-3.2074425766565744,0.3003701329320703,-7.76274605910648e-07,-0.00026659952737649,0.06967700525269893
3.008,RedForwardA,-1.100748508755304,2.9737036163441486,0.30750068638337935,-2.4351934981343266,3.1261675549418246,0.3081193294732976,-1.7863371139782849,3.2076269408836704,0.3036537975101113,3.341376772181577,-2.929480338629635,0.30750330193792574,2.6293947034702745,-3.2171121273575736,0.3058232545992193,1.94514079745558,-3.1725003436227923,0.30511150265818837,1.0690669022330643,-3.213002400999592,0.30582318362584443,-7.76274605910648e-07,-0.00026659952737649,0.06967700525269893
3.072,RedForwardA,-1.1181243702299075,2.9630444101712,0.308373527547555,-2.4459449199805254,3.1225778248971294,0.30639975355724075,-1.776870371963468,3.205870849274353,0.3036504004324315,3.3578351915528284,-2.917452558517385,0.3083768154380301,2.627574832076085,-3.218337220005542,0.30731927429861167,1.9369739896826097,-3.177685451133835,0.30487160425723675,1.0672654867842988,-3.2142541509477134,0.3073191455226867,-7.76274605910648e-07,-0.00026659952737649,0.06967700525269893
3.136,RedForwardA,-1.1312376636566468,2.956044718825555,0.3081622271420866,-2.4516915057266777,3.120584217271953,0.3049558652111509,-1.768167110966317,3.205459630360112,0.3059609634760265,3.3703389365133978,-2.9094179744915984,0.3081656247373612,2.637909650167655,-3.2160510857797564,0.31008559878086733,1.9260166860384336,-3.186040925260264,0.3054217468329098,1.0775666308403806,-3.2118176252793806,0.31008529192684553,-7.76274605910648e-07,-0.00026659952737649,0.06967700525269893
3.2,RedForwardA,-1.1390841048880174,2.9520149645682174,0.3067290225991924,-2.4511463441962644,3.11756450464599,0.3040385999895803,-1.7539137145388328,3.205167037062994,0.3070617258418507,3.3778347551195633,-2.9047673126140965,0.30673108409821637,2.6567268958300025,-3.2101602742511934,0.3076115887165368,1.9151521210608091,-3.196010907329963,0.30630341215984025,1.0962963894504776,-3.2056523061247932,0.30761103257124933,-7.76274605910648e-07,-0.00026659952737649,0.06967700525269893
3.2640000000000002,RedForwardA,-1.142245401327192,2.949546868581323,0.30525060130754045,-2.44619270615908,3.1105849798963354,0.30395846187717884,-1.7413461239666423,3.203851690936964,0.3072519594002222,3.3807882637932645,-2.902051160968457,0.3052518150275551,2.6715273870855865,-3.2012448629375525,0.30841268986453624,1.9027817359015724,-3.2072854547711622,0.30711127864598303,1.1109651312112376,-3.196521001169945,0.30841203633593095,-7.76274605910648e-07,-0.00026659952737649,0.06967700525269893
3.3280000000000003,RedForwardA,-1.1413966012852788,2.9462142177304607,0.30449019665641947,-2.43953504693138,3.1045688090915693,0.30604414166409155,-1.731601005735673,3.2018986514712062,0.3070584755450484,3.379675234921007,-2.8987973774669857,0.3044908515893798,2.6854798757080554,-3.195444169967155,0.3073680801146902,1.891044143542696,-3.217838589542382,0.30717844629077057,1.124830791719577,-3.190518424036643,0.30736797592743587,-7.76274605910648e-07,-0.00026659952737649,0.06967700525269893
3.392,RedForwardA,-1.1352415621066991,2.939601362614107,0.3044838395403625,-2.4285590343332673,3.0950362336685346,0.30705423066363213,-1.7248784315562184,3.201025768632253,0.3058064493735857,3.3730080802983684,-2.892703038192301,0.30448409633517953,2.6898592079135417,-3.1936014122310312,0.3078514088574073,1.882752158171578,-3.225197656475775,0.30674669243341746,1.1291814541832408,-3.188613191147375,0.3078508293122336,-7.76274605910648e-07,-0.00026659952737649,0.06967700525269893
3.456,RedForwardA,-1.1258088437944247,2.931226208344063,0.30595203404536697,-2.4199383323030137,3.086118199078292,0.3072631343027936,-1.7214804356288327,3.200091957650793,0.30443757526456233,3.362920176313607,-2.885212545411817,0.30595362591118447,2.6862543574941267,-3.1942324806939997,0.3069538982619401,1.8768686461725952,-3.2316138624879813,0.30696603868959793,1.1255854172958637,-3.189297031694946,0.3069531942044753,-7.76274605910648e-07,-0.00026659952737649,0.06967700525269893
3.52,RedForwardA,-1.1142226060157698,2.922859580192783,0.30707236755469164,-2.4137987425695604,3.078484737977461,0.30704978471767996,-1.7204441533175772,3.1967493661836994,0.3039625549201528,3.350647368581552,-2.8779126743634325,0.3070731401382757,2.6795737699242133,-3.1961808313035016,0.3063227244040019,1.872560021891622,-3.2377784703252317,0.3064347835428391,1.1189347596742925,-3.1913416280542344,0.3063219053029706,-7.76274605910648e-07,-0.00026659952737649,0.06967700525269893
3.584,RedForwardA,-1.104166108456486,2.9149373184378184,0.3072632068844067,-2.409224146224385,3.0735637660638013,0.3057928553746465,-1.722521147779817,3.1883533535965833,0.3040219419822791,3.339954903522257,-2.8708390107415527,0.3072653204835463,2.677014793811718,-3.1910302713219174,0.3102436208175675,1.8699250212524352,-3.242601935266105,0.3056504123526301,1.1162992055245513,-3.1862250353899175,0.31024291457719444,-7.76274605910648e-07,-0.00026659952737649,0.06967700525269893
3.648,RedForwardA,-1.0970292549164118,2.9078974660575554,0.3070792681213945,-2.4072058897986555,3.070700982098636,0.3044249539791039,-1.7283617115747427,3.1762136796932863,0.3074866328186653,3.3322683529696766,-2.864384217489819,0.3070828453975204,2.681004623724703,-3.173749844148212,0.3109104652520285,1.8686163329170673,-3.245901588080482,0.3050908589852024,1.1200372806283447,-3.168885721727423,0.3109095564691538,-7.76274605910648e-07,-0.00026659952737649,0.06967700525269893
3.712,RedForwardA,-1.091872972832851,2.9034453791734784,0.30582773773779265,-2.4085296049163123,3.067496183175348,0.3039519757177917,-1.7363655404238822,3.157484054210569,0.30836039116182234,3.3267732804778865,-2.8603490318450255,0.3058312053099807,2.682800302717537,-3.152187430635287,0.3078113082001321,1.8680308081632921,-3.2477386411493128,0.3051611765381684,1.121519682664342,-3.147295925240605,0.3078094473394265,-7.76274605910648e-07,-0.00026659952737649,0.06967700525269893
3.7760000000000002,RedForwardA,-1.0895550522270503,2.90080281204989,0.3044556780430013,-2.4154840594265647,3.062418231929958,0.30401339204972366,-1.7430127636492296,3.1442017813845684,0.30815096467716513,3.3242567254353665,-2.8578937503627713,0.3044585463537029,2.682900144577767,-3.1388071198799326,0.3092582948395729,1.8676927171719409,-3.2481846553538127,0.30558667312029075,1.1214235439039282,-3.1339116055974356,0.3092584336865906,-7.76274605910648e-07,-0.00026659952737649,0.06967700525269893
3.84,RedForwardA,-1.0905782134146338,2.8974973422635224,0.3039774363268606,-2.427774206741355,3.0568832011198794,0.30747426784038584,-1.7470788026138717,3.136381555080257,0.30672191469018323,3.3250204765205376,-2.8545140269886575,0.3039797940505048,2.683921783301588,-3.1328772179401336,0.3075513979619295,1.8679207553162693,-3.2469071044257736,0.30507698698066843,1.1223551428181675,-3.1279621679729304,0.3075524781610788,-7.76274605910648e-07,-0.00026659952737649,0.06967700525269893
3.904,RedForwardA,-1.0970460339258499,2.8917847908619385,0.30403552465371203,-2.4459640669786515,3.0477036121392485,0.3083433317561215,-1.748223232386068,3.1325423736019875,0.30524618157241473,3.3310215642433634,-2.848304610179303,0.30403756787967307,2.6825742846770657,-3.1341342146129616,0.3053249308769827,1.869398860331389,-3.2436012775491494,0.3045342654034687,1.1210223902086087,-3.129230534391651,0.30532824889840365,-7.76274605910648e-07,-0.00026659952737649,0.06967700525269893
3.968,RedForwardA,-1.1087649408639182,2.8851042095820074,0.3075010321833076,-2.4596182618643723,3.0418122424847334,0.3081326905966382,-1.745597092322199,3.1303140363844504,0.30448754565562214,3.34217571716975,-2.840717537914036,0.30750373240002987,2.675974717142262,-3.1372025261979624,0.30478198098191256,1.8716099238019477,-3.2396837443155806,0.30421539680845533,1.1144644494148264,-3.132382906853387,0.30478382606349214,-7.76274605910648e-07,-0.00026659952737649,0.06967700525269893
4.032,RedForwardA,-1.1260068189952004,2.8742296499112303,0.30837396794672417,-2.46427540223182,3.0375631129230456,0.3065796259780544,-1.7367470062115882,3.12847324960739,0.3044823937202284,3.3585026251700985,-2.828511658803938,0.30837736392210574,2.664198985377822,-3.134108210473713,0.30608476870139206,1.871563134034532,-3.2392497192521654,0.3047842269148314,1.1026487868784838,-3.129461533851707,0.3060839417853629,-7.76274605910648e-07,-0.00026659952737649,0.06967700525269893
4.096,RedForwardA,-1.1390317722477301,2.867067537117174,0.30816268431114724,-2.4637936586758937,3.0341452967940907,0.3047694994231128,-1.7240739555560107,3.1276488788254193,0.3059535070417125,3.370918195282754,-2.8203418769857906,0.30816620588215804,2.65083933128678,-3.129960939536904,0.3071618480982104,1.872686043549237,-3.2375665599606434,0.3048489361983571,1.0892307350888697,-3.1255346182973933,0.30716008468379996,-7.76274605910648e-07,-0.00026659952737649,0.06967700525269893
4.16,RedForwardA,-1.146827526870948,2.8629404302131274,0.30672929863522624,-2.4625674769128554,3.030817864319397,0.30374040533325547,-1.7094401288185552,3.127518714727418,0.30706457359354994,3.3783631531018345,-2.8156099045221343,0.3067314438913423,2.63926085527081,-3.125408130668087,0.3072979464350848,1.8745416187252735,-3.2348766901177446,0.3049378366277499,1.0775888858638747,-3.1211586200370003,0.3072963571273536,-7.76274605910648e-07,-0.00026659952737649,0.06967700525269893
4.224,RedForwardA,-1.1499581339672864,2.860433097671304,0.30525076298071296,-2.458327885234169,3.024573364760344,0.3036235429840395,-1.6968470187950817,3.126373943528529,0.3072738659119921,3.3812872939095855,-2.812861617638572,0.3052520312084931,2.6304936886930705,-3.1209981977797154,0.30707389075205443,1.8770280100386534,-3.2314396659534594,0.30505242785545433,1.068761733066151,-3.1168796758137782,0.3070728426016639,-7.76274605910648e-07,-0.00026659952737649,0.06967700525269893
4.288,RedForwardA,-1.1490682410935993,2.8571112009023927,0.3044902830244682,-2.4519625353765537,3.0189786160434418,0.30574546892837423,-1.6870738999718102,3.1246704106518015,0.30706467065010323,3.3801393276730534,-2.809619976865683,0.3044909725552831,2.6242917650605224,-3.1184149012271356,0.305808670008389,1.8797340963158147,-3.227657620910129,0.3051623434341135,1.0625261721175219,-3.1143879361140696,0.30580799731191344,-7.76274605910648e-07,-0.00026659952737649,0.06967700525269893
4.352,RedForwardA,-1.1428316693413842,2.85057541808754,0.30448387208896194,-2.442001001461549,3.0094734622047645,0.30690799367375976,-1.6803043654340362,3.124004090687252,0.3058081714120938,3.373406641284183,-2.8035983824762276,0.30448414989892986,2.6212736094081226,-3.11663755818691,0.30443511533984946,1.8828286859559114,-3.223334863636837,0.30526246398663204,1.059485409608135,-3.112655256813444,0.3044346998944938,-7.76274605910648e-07,-0.00026659952737649,0.06967700525269893
4.416,RedForwardA,-1.133294355944796,2.8423331681682957,0.3059523017678838,-2.433524539926439,3.0006591166146097,0.3071157225594102,-1.6768530839734106,3.123212515530128,0.3044375272021848,3.3632337095608515,-2.796227554312139,0.3059537066531102,2.6211386231567317,-3.1131490455093473,0.3039585507990036,1.8858460359745637,-3.2190528887281085,0.30534447531719305,1.0593028942688187,-3.1091696120347594,0.30395829305853467,-7.76274605910648e-07,-0.00026659952737649,0.06967700525269893
4.48,RedForwardA,-1.121597830591186,2.834127999651865,0.3070725304598254,-2.427443656057707,2.993166015552925,0.30694049550690744,-1.6757572172652822,3.119959534864747,0.3039602090663931,3.350874305145249,-2.7890680240791035,0.30707309957327933,2.6253155316321184,-3.1055928180645176,0.30401735284674863,1.8888911223470906,-3.2146427170511958,0.3054048108691572,1.0633735577121683,-3.1015547860780064,0.30401717684933227,-7.76274605910648e-07,-0.00026659952737649,0.06967700525269893
4.5440000000000005,RedForwardA,-1.1114394050541474,2.826333199127609,0.3072635502661398,-2.422891944127603,2.988356517980136,0.3057145568561984,-1.677758125488904,3.1116100035266703,0.3040167227432824,3.3401014308564805,-2.7821114943082175,0.3072654722968267,2.634116424547451,-3.0953920749529096,0.30747917645405787,1.8915717819685223,-3.210708163713762,0.3054323798654274,1.0720289266344345,-3.091229812752518,0.3074790450354537,-7.76274605910648e-07,-0.00026659952737649,0.06967700525269893
4.6080000000000005,RedForwardA,-1.104215115711008,2.8193806120593305,0.30707979321932,-2.4208765817262776,2.9855537288509506,0.30437070690078,-1.6835234764957843,3.099462868384815,0.3074726967269677,3.332344301884225,-2.7757386590961644,0.3070832632079861,2.646724364021193,-3.079393740840179,0.3083500276648382,1.8940401760359473,-3.2070970237486125,0.30543778670353255,1.0844079134370903,-3.075053554224189,0.3083499329529278,-7.76274605910648e-07,-0.00026659952737649,0.06967700525269893
4.672,RedForwardA,-1.0990045025910287,2.8149909347742232,0.3058282353212692,-2.422171749652467,2.982350498791365,0.303914605957945,-1.6914252338441498,3.0807031355176737,0.3083410327543006,3.3268062240046827,-2.771761685539925,0.3058316453478431,2.6566079188486005,-3.0682961107130047,0.308139892696664,1.8934435597149746,-3.197257591491332,0.3102194285807165,1.0941324011088238,-3.063816189995053,0.3081398298192519,-7.76274605910648e-07,-0.00026659952737649,0.06967700525269893
4.736,RedForwardA,-1.0966549082183867,2.812376169699893,0.30445608532557944,-2.4290582513217167,2.9771898336259235,0.3039869810741927,-1.6980021020109772,3.0673846920317356,0.30812929486865376,3.324264219013187,-2.769332842358824,0.30445892474636255,2.6625707311173374,-3.0618078073624564,0.30671530849442985,1.8886343470664202,-3.175815507832811,0.311286109420633,1.100002181015222,-3.0572436971095067,0.3067152695528522,-7.76274605910648e-07,-0.00026659952737649,0.06967700525269893
4.8,RedForwardA,-1.0976383691085672,2.809057957867003,0.30397776801388743,-2.4412821219304734,2.9714930122488683,0.3074488556585838,-1.7020279129265448,3.0595553624761136,0.3067080854707703,3.3249927534043264,-2.7659446662244322,0.3039801160071836,2.664670587325355,-3.0584048062759326,0.30524238153029604,1.8783701381417628,-3.1540883466847416,0.3083719053570264,1.1020533785174793,-3.053811261678412,0.30524235421500256,-7.76274605910648e-07,-0.00026659952737649,0.06967700525269893
4.864,RedForwardA,-1.1040367845303443,2.803266589614217,0.3040358091578752,-2.4593457016236786,2.9620724847479476,0.3083172718046323,-1.7031490664743665,3.055726078469507,0.3052375895875382,3.3309281012287437,-2.7596710784577105,0.30403785696308766,2.6627087526697846,-3.0555741736290307,0.30448560358030763,1.8699225964572181,-3.140334415159441,0.30271596233624015,1.1000514402158548,-3.051008995880456,0.3044855816087757,-7.76274605910648e-07,-0.00026659952737649,0.06967700525269893
4.928,RedForwardA,-1.1156733953675064,2.796443659462986,0.3075014046880732,-2.4729276084456027,2.955992281104954,0.3081092819273159,-1.700505970348787,3.053523924951404,0.30448242994920827,3.342000742228767,-2.75196522174776,0.3075041286034011,2.6546372460879386,-3.0514947978808316,0.3044818031777611,1.866003469840001,-3.13637632026538,0.3053159383503873,1.091922632805407,-3.047045179303219,0.30448178258538977,-7.76274605910648e-07,-0.00026659952737649,0.06967700525269893
4.992,RedForwardA,-1.1327813409555458,2.7853595827580007,0.3083744398863274,-2.4810273661209754,2.952521364979809,0.30669687639230314,-1.6916409014644151,3.0517364767917976,0.3044796726081135,3.358196296122457,-2.7395854347031863,0.30837786196535405,2.642677937198393,-3.0474501617991017,0.305956757233961,1.8647721828875543,-3.1380851473264353,0.30434204394851455,1.0799002276078147,-3.0431853904925688,0.3059568200936867,-7.76274605910648e-07,-0.00026659952737649,0.06967700525269893
5.056,RedForwardA,-1.1457177276754318,2.7780393080472603,0.3081631735541801,-2.484326800451514,2.9502833541524573,0.3052314995280756,-1.6789573414066232,3.0509748678312314,0.30595240413327185,3.3705236385325827,-2.7312835311708974,0.30816672253701344,2.6286164509172574,-3.0440016921268023,0.3070691487412368,1.8632881483809465,-3.1453713821643854,0.3047985858544515,1.065777644510058,-3.039951548329482,0.30706918677192085,-7.76274605910648e-07,-0.00026659952737649,0.06967700525269893
5.12,RedForwardA,-1.1534626254757705,2.7738173614718846,0.30672959479503176,-2.483683347453487,2.946900683742035,0.30447957889998406,-1.664318115279811,3.050906818093079,0.3070642601847209,3.377917663278923,-2.7264721533860494,0.3067317589147101,2.6163139473417103,-3.0400529092934976,0.3072697186218468,1.8543231834629506,-3.1539673320520905,0.3058427631689195,1.0534144775415157,-3.036177998546263,0.3072702224131672,-7.76274605910648e-07,-0.00026659952737649,0.06967700525269893
5.184,RedForwardA,-1.1565626938429023,2.7712719206947987,0.3052509369247275,-2.477979667992456,2.939872764751027,0.3044791465184926,-1.6517174136250243,3.049826339640468,0.3072738256705326,3.380812542961523,-2.723692630166345,0.30525221750290876,2.607154935073134,-3.0358222261021575,0.3070960174896491,1.841636276106011,-3.161231562938973,0.30706371309886904,1.0441947002262582,-3.0320755242148847,0.307096836140948,-7.76274605910648e-07,-0.00026659952737649,0.06967700525269893
5.248,RedForwardA,-1.1556326672356991,2.767961055217802,0.3044903764424204,-2.4691469727005972,2.9307727519473468,0.3059505862202103,-1.641934405450957,3.048174098801178,0.30706465359861274,3.379630307612188,-2.7204633633936415,0.3044910737386626,2.600797991448022,-3.0333417016113957,0.30584493676917474,1.8302434954799913,-3.1662257872569484,0.30723800347757896,1.0378038217774346,-3.029683558207024,0.3058457092500704,-7.76274605910648e-07,-0.00026659952737649,0.06967700525269893
5.312,RedForwardA,-1.149317111125034,2.761501815682206,0.30448390802984376,-2.4582023514349594,2.921519995384166,0.3070731356146976,-1.635160417335033,3.047543714669123,0.30580819227726513,3.372833892091657,-2.7145140850704705,0.3044841904196157,2.59775287991411,-3.0316073215941244,0.3044701367455706,1.8209544183957493,-3.1692940935024496,0.3070381375602707,1.0347360138729214,-3.027991262157083,0.30447075542350915,-7.76274605910648e-07,-0.00026659952737649,0.06967700525269893
5.376,RedForwardA,-1.1396786264755567,2.753391130319069,0.30595255860404175,-2.4487346528634917,2.9129004224968282,0.30726417823075525,-1.6317042993562914,3.0467708826254687,0.304437560624253,3.3625786467288883,-2.7072635230077586,0.30595384401561415,2.597641153502104,-3.0281256524836704,0.303989400109659,1.8147596894140594,-3.171832072689111,0.30578843318613824,1.034577358000899,-3.0245108318760425,0.303989880793395,-7.76274605910648e-07,-0.00026659952737649,0.06967700525269893
5.44,RedForwardA,-1.1278756745106022,2.745345506097647,0.3070726849801508,-2.442100799799432,2.905387650563631,0.3070788227016079,-1.6305915623464748,3.0435244472423895,0.30396022799405664,3.350135595502224,-2.700243666765137,0.3070730887680097,2.601845780160933,-3.0205480151700392,0.3040459426856405,1.81140046130686,-3.172698559490411,0.3044239482023714,1.0386773989397222,-3.0168746279843264,0.3040463285291698,-7.76274605910648e-07,-0.00026659952737649,0.06967700525269893
5.5040000000000004,RedForwardA,-1.1176187612023418,2.7376768522647805,0.307263890121198,-2.4372586747864315,2.9005970132864207,0.30582690708086513,-1.6325501839751027,3.035165614901479,0.30401671881658143,3.3392848227106438,-2.693403373520281,0.30726565377128523,2.6106419754858856,-3.0103102057907543,0.3075151135572977,1.8089257321567083,-3.1703070316272868,0.30395247229043554,1.0473302174088723,-3.0065150637323796,0.3075156062177346,-7.76274605910648e-07,-0.00026659952737649,0.06967700525269893
5.5680000000000005,RedForwardA,-1.110309738277291,2.7308108356050402,0.3070803187627351,-2.4351221110363697,2.8978057711322607,0.3044548207456165,-1.6382542292743134,3.02299006357182,0.3074726307987021,3.3314590150062418,-2.687112114219818,0.3070836787711435,2.6232200635782377,-2.994263231213424,0.3083914564198729,1.8067370970094727,-3.1619788079056645,0.3040146969215849,1.0596832547760955,-2.99029406977319,0.30839205766395555,-7.76274605910648e-07,-0.00026659952737649,0.06967700525269893
5.632,RedForwardA,-1.1050465941231649,2.7264829808504563,0.30582873483406847,-2.4363643314579058,2.8945815494096356,0.30397657130255545,-1.646061513900941,3.004191104524664,0.30834094995044453,3.3258790869476456,-2.6831930240379815,0.305832074289759,2.6330699560693214,-2.983140124535626,0.30818077728393783,1.8060374722021293,-3.1485443335646064,0.30747659012098993,1.0693768062780007,-2.979034801281963,0.30818139145421575,-7.76274605910648e-07,-0.00026659952737649,0.06967700525269893
5.696,RedForwardA,-1.102666294538183,2.723895843062182,0.3044564947626785,-2.443204401322178,2.8893288588287076,0.30403461163955203,-1.652571274988368,2.9908399489977815,0.30812919670112887,3.323312178571188,-2.6807905611247334,0.30445929094094104,2.6390229657803865,-2.9766258460009425,0.30674041696981313,1.8040675533064487,-3.1282880301817,0.3083494838256676,1.0752383450602132,-2.97243799990173,0.30674079354386563,-7.76274605910648e-07,-0.00026659952737649,0.06967700525269893
5.76,RedForwardA,-1.1036107158569486,2.720565607027562,0.30397810159376365,-2.455353808499781,2.8834685058576706,0.30749952734292185,-1.6565576955737407,2.9829905977026607,0.3067080117212826,3.3240058618621653,-2.6773944931663105,0.3039804244751759,2.6411344410240876,-2.9732041122114294,0.3052573879221252,1.8035159941151013,-3.1134551559602115,0.30813988254234687,1.0773020757843352,-2.968986908556044,0.30525761143450736,-7.76274605910648e-07,-0.00026659952737649,0.06967700525269893
5.824,RedForwardA,-1.1099401956673705,2.7146977941728117,0.3040360951397523,-2.4733019896447255,2.873804100072904,0.3083718878831419,-1.6576596239965309,2.9791557882398534,0.3052375368016565,3.329875770218888,-2.671058481595142,0.3040381296685807,2.639187351002593,-2.9703701762725263,0.30449393566830396,1.803329602286097,-3.1046485836598703,0.30671420580864367,1.075315904209526,-2.9661802449823074,0.3044940579041344,-7.76274605910648e-07,-0.00026659952737649,0.06967700525269893
5.888,RedForwardA,-1.1214944743363526,2.7077363090222075,0.30750177928713573,-2.486789361251269,2.8675528576012654,0.30816041893327484,-1.6550055359022688,2.976966949812351,0.30448239126188564,3.340866927549773,-2.6632366029792514,0.30750449574991423,2.6311225699130665,-2.9663129008137634,0.3044854176536643,1.802493897565793,-3.1007343174001822,0.3052409078996013,1.0671955398261355,-2.9622358298180442,0.3044854678902169,-7.76274605910648e-07,-0.00026659952737649,0.06967700525269893
5.952,RedForwardA,-1.1384686659736776,2.6964484385989786,0.30837491175482445,-2.4948498044287177,2.8639714257536864,0.306727918393069,-1.6461316398142403,2.9752240160527803,0.3044796419868246,3.3569313945277868,-2.650687066493981,0.30837832257051073,2.6191546350539174,-2.9623211373395675,0.30595635749282757,1.7991236170282068,-3.1000409448067834,0.30448382652851985,1.0551721126235263,-2.9584142409255727,0.3059563809454068,-7.76274605910648e-07,-0.00026659952737649,0.06967700525269893
6.016,RedForwardA,-1.1513163719708148,2.688974176023315,0.3081636613781248,-2.498143809925089,2.861685652318845,0.30524994907912206,-1.633442068847391,2.9745211743453814,0.3059522733999906,3.3691705398072984,-2.642256072638008,0.308167198591035,2.605083776688576,-2.9589302314873995,0.3070671988617225,1.7904787108505686,-3.102673785964455,0.30447957639578715,1.0410456867920228,-2.9552295765551846,0.3070674698222948,-7.76274605910648e-07,-0.00026659952737649,0.06967700525269893
6.08,RedForwardA,-1.1590102953410846,2.6846598671429596,0.30672989042426374,-2.4974826022118926,2.858310804839395,0.3044898448139447,-1.6188011158977207,2.9745145953122507,0.30706410797179723,3.376513606564217,-2.6373671053334617,0.30673204816865124,2.5927729374743396,-2.955026882533806,0.30726725746151956,1.778566084553013,-3.1076654146388565,0.3059422859548201,1.0286763341024858,-2.9514984045468933,0.30726792138409953,-7.76274605910648e-07,-0.00026659952737649,0.06967700525269893
6.144,RedForwardA,-1.1620799768005095,2.6820774328940105,0.3052511107630524,-2.4917083875280523,2.8513620792606065,0.3044837031490617,-1.6061952091701348,2.973497944612947,0.30727356006772244,3.3793793487335795,-2.634557165405585,0.3052523878908888,2.58360350598688,-2.9508279256762813,0.30709440843358227,1.7656006093058223,-3.114378732846837,0.30706236749125193,1.0194475540541224,-2.947426444347402,0.30709522214080565,-7.76274605910648e-07,-0.00026659952737649,0.06967700525269893
6.208,RedForwardA,-1.161110739154147,2.6787778558648028,0.3044904700398204,-2.482766431123904,2.8424020730715363,0.3059507402608852,-1.596404057540058,2.9718959330324397,0.30706442756213687,3.3781635036658937,-2.6313404414002344,0.3044911655311808,2.5772422549560514,-2.948367918723004,0.30584387191723694,1.7539701239181449,-3.1198674576600496,0.3072554217407416,1.0130527885763063,-2.9450543942955694,0.3058445881305716,-7.76274605910648e-07,-0.00026659952737649,0.06967700525269893
6.272,RedForwardA,-1.1547186635798257,2.672394583952335,0.3044839444110461,-2.4717009006726944,2.8333212177687574,0.3070715682206816,-1.5896270444139684,2.9713005061010853,0.3058080224968463,3.3713051196411095,-2.6254629907619482,0.3044842261641888,2.5741946718471884,-2.9466424017539956,0.3044694528595117,1.7445019819307033,-3.1231945189680803,0.30707480688050115,1.0099824524003227,-2.943370879547533,0.3044700056780388,-7.76274605910648e-07,-0.00026659952737649,0.06967700525269893
6.336,RedForwardA,-1.144982327593455,2.664414062572005,0.30595280526463076,-2.4621214456747142,2.824837529462419,0.3072618636731963,-1.5861670359017863,2.9705456137885324,0.30443744237383036,3.360969998090034,-2.6183316654983413,0.3059539742960116,2.574073130437252,-2.9431595168832034,0.3039890064522342,1.7382572869093806,-3.1258792428350595,0.3058251716058501,1.0098141010082602,-2.939889672566655,0.30398941564054305,-7.76274605910648e-07,-0.00026659952737649,0.06967700525269893
6.4,RedForwardA,-1.1330766906122225,2.6565260086294127,0.3070728327047665,-2.4553917936770344,2.817415734241089,0.30707730842087516,-1.585037684129601,2.9673051492503815,0.30396014484476996,3.348446203285145,-2.6114497761437,0.3070730860161185,2.578252071336809,-2.9355653700582938,0.3040457752794887,1.7348838832299005,-3.1268022850460024,0.3044541619165869,1.013889186577061,-2.9322383013949627,0.304046077523862,-7.76274605910648e-07,-0.00026659952737649,0.06967700525269893
6.464,RedForwardA,-1.1227246320336008,2.6489821261338973,0.3072642280758719,-2.4504906905163737,2.8126896008393243,0.3058259016063588,-1.5869533288132447,2.9589364884999227,0.3040166588390917,3.3375200719905425,-2.6047244745879916,0.3072658508955325,2.5870117382497373,-2.92529487681988,0.3075151930564466,1.7323724270514045,-3.1244306414353704,0.3039765442266994,1.0225066781559826,-2.921848235996574,0.3075155461488812,-7.76274605910648e-07,-0.00026659952737649,0.06967700525269893
6.5280000000000005,RedForwardA,-1.1153335084604228,2.6422019335363047,0.30708084534220736,-2.4483209154894943,2.809926174788738,0.3044541800069878,-1.5925945947480347,2.9467319074350247,0.3074725701439055,3.32962747562306,-2.5985142455306214,0.30708408648041735,2.5995314105796883,-2.9092017663301912,0.30839166772047144,1.7300686335843705,-3.1161097254680006,0.3040350177239921,1.0348034574285445,-2.90558419481234,0.30839209547934765,-7.76274605910648e-07,-0.00026659952737649,0.06967700525269893
6.5920000000000005,RedForwardA,-1.1100195819547454,2.63793528298381,0.30582923640392845,-2.449522636652841,2.806684478266842,0.3039762168493724,-1.6003049587772258,2.927893158752285,0.3083409023802561,3.324006845601979,-2.594652618763635,0.3058324896020167,2.6093406844636293,-2.8980425803424583,0.30818107973056996,1.7301136326981514,-3.105872848488066,0.30581419079577554,1.0444578807973408,-2.8942911375156437,0.3081815113079166,-7.76274605910648e-07,-0.00026659952737649,0.06967700525269893
6.656000000000001,RedForwardA,-1.1076095196937183,2.635375578475815,0.30445690627801775,-2.4562933572776426,2.801339118010444,0.3040344800104059,-1.6067458456235544,2.9145087923294772,0.30812915806077357,3.3214155796829727,-2.5922764250180457,0.304459643266103,2.6152699236671153,-2.8915062976971857,0.30674062093722887,1.7379723454280207,-3.09929241859319,0.3074160602010679,1.0502964774099515,-2.887673763021441,0.3067408819548471,-7.76274605910648e-07,-0.00026659952737649,0.06967700525269893
6.72,RedForwardA,-1.1085155636589321,2.6320340070799015,0.3039784368635918,-2.4683633082034095,2.795315019900634,0.3074996632634216,-1.6106918014581333,2.906639054305937,0.30670798096961116,3.3220747833261157,-2.588872981688015,0.30398071826509354,2.6173690132155243,-2.88807656771766,0.30525751869345336,1.7457424277038307,-3.0988966390333474,0.3068464134675905,1.0523482531841684,-2.8842153173655762,0.30525767102240436,-7.76274605910648e-07,-0.00026659952737649,0.06967700525269893
6.784,RedForwardA,-1.114776622753893,2.6260920660447398,0.3040363822548813,-2.4861794334642893,2.7854087938287466,0.30837220263274356,-1.6117739940033278,2.902798609031215,0.3052375133423656,3.327879574992132,-2.5824762336732876,0.3040383851825513,2.615411714188158,-2.8852495978962662,0.30449401506659257,1.7460305194040158,-3.1055117034465685,0.3069062383680624,1.050352386191183,-2.8814154697910546,0.3044940957725374,-7.76274605910648e-07,-0.00026659952737649,0.06967700525269893
6.848,RedForwardA,-1.1262486164964602,2.618995735883646,0.30750215504760525,-2.4995810156238694,2.778975848722898,0.3081608433282513,-1.6091087063980036,2.9006234209556787,0.30448237231584485,3.3387893170427834,-2.5745410280752057,0.307504833781482,2.6073322437569644,-2.8812218195937276,0.30448546062390075,1.7458678942095198,-3.111638210990203,0.3067280271084217,1.0422183757237606,-2.877499324526493,0.30448549006192727,-7.76274605910648e-07,-0.00026659952737649,0.06967700525269893
6.912,RedForwardA,-1.143089361692583,2.6075096810461167,0.3083753838996092,-2.507592492865889,2.775285537395714,0.3067281912996793,-1.6002259932751526,2.898926119685952,0.30447962478627816,3.354723021348135,-2.5618257993019733,0.3083787462889864,2.5953495050124245,-2.877274716947768,0.30595638185709956,1.745668252556028,-3.115157995492096,0.3065649515441237,1.0301814942321323,-2.8737202905951125,0.3059563997896625,-7.76274605910648e-07,-0.00026659952737649,0.06967700525269893
6.976,RedForwardA,-1.1558483704584703,2.5998855292630068,0.30816414892643823,-2.5108556415237064,2.7729551943109754,0.30525011717757483,-1.5875306047438211,2.898283486044287,0.3059521521528427,3.3668740460391615,-2.5532686768909465,0.30816763536315056,2.5812637843179993,-2.873937909818361,0.30706727766916336,1.7472922338148933,-3.113524971372092,0.30620572923123757,1.0160416145771256,-2.8705873024314887,0.30706755310114686,-7.76274605910648e-07,-0.00026659952737649,0.06967700525269893
7.04,RedForwardA,-1.1634912647309141,2.595481288136281,0.3067301860506674,-2.5101492018870624,2.769589452836635,0.3044899410052616,-1.5728882905953059,2.8983398717510807,0.3070639585129141,3.3741661581420264,-2.548303890757119,0.3067323126964639,2.5689373162439644,-2.870079732829566,0.30726743645389015,1.7556623604310924,-3.103148390253863,0.30700350590757003,1.0036580231737589,-2.866899264014076,0.30726809970140795,-7.76274605910648e-07,-0.00026659952737649,0.06967700525269893
7.104,RedForwardA,-1.1665307385280557,2.5928629465422,0.3052512846977499,-2.5042818066288675,2.7627194044625347,0.30448374773964865,-1.5602773995483332,2.897388641634765,0.30727329018215155,3.377002894940524,-2.545464328737361,0.3052525431478984,2.5597521157393976,-2.865914067631993,0.30709462701340595,1.7607201764875249,-3.091115186914957,0.3077310474873991,0.9944146821268655,-2.862859161065555,0.30709543229044794,-7.76274605910648e-07,-0.00026659952737649,0.06967700525269893
7.168,RedForwardA,-1.165523205435493,2.5895748848900677,0.30449056379127676,-2.4952194215876893,2.7538973340945954,0.3059510734329585,-1.5504781766577567,2.895838135592781,0.307064196398922,3.3757540855545503,-2.542260298352402,0.3044912486291286,2.553381950048378,-2.863477127277829,0.3058440639610584,1.765326129463574,-3.083261099925482,0.3075406904161713,0.9880117179792265,-2.8605091617382508,0.30584477087047307,-7.76274605910648e-07,-0.00026659952737649,0.06967700525269893
7.232,RedForwardA,-1.1590570189970881,2.5832669536780974,0.3044839810056144,-2.4840256370642075,2.744985492246349,0.3070717770930464,-1.543698251083141,2.8952785411253728,0.3058078481687903,3.368835444466702,-2.5364541675027925,0.30448425762885045,2.550328344735072,-2.861762613592524,0.3044696009688723,1.7697568725887143,-3.076392475667837,0.30647741566918785,0.9849357714738628,-2.8588361925456374,0.3044701458697588,-7.76274605910648e-07,-0.00026659952737649,0.06967700525269893
7.296,RedForwardA,-1.1492260647959662,2.5754151355640484,0.3059530413713702,-2.474329039621421,2.7366342927638034,0.3072621751936232,-1.5402343498995523,2.8945420506001702,0.30443732058577344,3.3584228136482523,-2.52944103375463,0.30595409823458003,2.550194508161535,-2.8582801017069714,0.3039891162501215,1.7703861160147492,-3.073737443107019,0.3069295558410533,0.9847557143921908,-2.8553555066655942,0.30398951875111774,-7.76274605910648e-07,-0.00026659952737649,0.06967700525269893
7.36,RedForwardA,-1.1372213792245882,2.567682621031665,0.3070729730637713,-2.467499791476305,2.7293022394156896,0.3070777458389594,-1.5390880009788765,2.8913077928346267,0.30396005900329914,3.3458208424022358,-2.5226958571954667,0.30707307861101973,2.554346232188551,-2.850670768301806,0.30404585682739294,1.768596241517038,-3.0760960962795756,0.30646982468930123,0.9888047169647682,-2.8476900611852454,0.304046152920641,-7.76274605910648e-07,-0.00026659952737649,0.06967700525269893
7.424,RedForwardA,-1.1267774311400147,2.5602620770349445,0.30726456301572996,-2.4625360213916987,2.7246406520269764,0.3058263072828625,-1.5409595484316612,2.882929290192456,0.30401659678041737,3.3348217150646557,-2.516084463486402,0.3072660442624371,2.5630686853794957,-2.8403686482362005,0.30751528896640234,1.764952013882803,-3.0810589315060453,0.3060631453260298,0.997386420706216,-2.8372704257722954,0.307515633230804,-7.76274605910648e-07,-0.00026659952737649,0.06967700525269893
7.488,RedForwardA,-1.1193067790218443,2.553566911706317,0.307081371510379,-2.460329993816711,2.7219055042225073,0.3044545096349962,-1.5465363228744249,2.8706952955339182,0.30747250727477465,3.326864216390335,-2.5099546255959084,0.307084490627493,2.575529990500192,-2.824230301471333,0.30839178397029265,1.759920495436935,-3.078401116286368,0.31003132529807365,1.0096271352045931,-2.820964155025192,0.30839220062876666,-7.76274605910648e-07,-0.00026659952737649,0.06967700525269893
7.5520000000000005,RedForwardA,-1.1139437741935079,2.5493608167827024,0.3058297389121304,-2.461489053333269,2.7186475786481665,0.303976484891189,-1.5541471517043102,2.851816289390295,0.3083408528081523,3.321204124834032,-2.5061499355366688,0.30583290189428036,2.585298734025294,-2.8130357143201605,0.3081811972428276,1.7531296222453159,-3.0620743933125194,0.31075065601753415,1.0192425773234224,-2.809637981612928,0.30818161706580244,-7.76274605910648e-07,-0.00026659952737649,0.06967700525269893
7.6160000000000005,RedForwardA,-1.1115048702986783,2.5468283318894183,0.3044573188801063,-2.468188761263253,2.7132124711264174,0.3040347097043068,-1.5605172803706713,2.8383982574668973,0.30812911758239436,3.318589169509876,-2.5037998232225167,0.3044599933092354,2.5912042524070187,-2.8064779899973815,0.3067406921902581,1.7420725370682193,-3.0435347983386896,0.30766406840303706,1.0250583497661334,-2.8030005408802836,0.3067409457943892,-7.76274605910648e-07,-0.00026659952737649,0.06967700525269893
7.68,RedForwardA,-1.112373202887341,2.543476085064689,0.3039787730406825,-2.480177627598697,2.7070288688021447,0.30749996384783485,-1.564421659692587,2.830507844021238,0.306707948881708,3.319214392828419,-2.5003894647439475,0.30398101013832524,2.593290942906408,-2.8030406456195576,0.3052575604016818,1.7343993427120616,-3.032637540554054,0.30912628497248423,1.0270982400819832,-2.7995350225210034,0.30525770820739345,-7.76274605910648e-07,-0.00026659952737649,0.06967700525269893
7.744,RedForwardA,-1.1185664012449617,2.5374622770108095,0.30403666991563705,-2.4978606352555484,2.6968870980963358,0.3083725957713179,-1.5654835966878253,2.826661728969094,0.30523748893976477,3.3249545297318983,-2.4939336199156217,0.30403863852825186,2.591323469588107,-2.8002207534673254,0.3044940372987085,1.731808482019269,-3.0272757192956727,0.3074112047377123,1.0250927932448777,-2.7967420349557703,0.3044941154081105,-7.76274605910648e-07,-0.00026659952737649,0.06967700525269893
7.808,RedForwardA,-1.1299562522031943,2.530234754792069,0.307502531467987,-2.511175391245497,2.69027705806346,0.30816125535177946,-1.562806904318168,2.824500589346589,0.30448235268219637,3.333783654693858,-2.4886721280303314,0.30584698671393373,2.58322951268871,-2.796222250120014,0.30448546893821116,1.7315006416649108,-3.0291380929240312,0.3051981112392837,1.016945394346186,-2.7928538998835775,0.3044854971298688,-7.76274605910648e-07,-0.00026659952737649,0.06967700525269893
7.872,RedForwardA,-1.1466639920172894,2.5185560151282336,0.3083758544622576,-2.519137234999446,2.6864807145178067,0.3067284381215905,-1.5539153986239949,2.822850097995577,0.304479607111625,3.342737485306861,-2.4921833307556662,0.3072489610553848,2.571232289367417,-2.792319299832687,0.30595638706538897,1.7279981370574085,-3.0355380487795447,0.3046699878858407,1.0048953855880056,-2.7891169167379193,0.30595640384815836,-7.76274605910648e-07,-0.00026659952737649,0.06967700525269893
7.936,RedForwardA,-1.1593343905213236,2.510785996307723,0.3081646337174382,-2.522369422083087,2.684107184073942,0.30525026044756914,-1.5412144048595318,2.8222691584063067,0.30595202884158473,3.346709343265388,-2.4988149150742878,0.3067601908796692,2.5571320622235456,-2.7890359792168744,0.3070673479707345,1.7162882032822626,-3.039652642378547,0.3059822387040669,0.9907424040767966,-2.7860350158464167,0.30706762543231475,-7.76274605910648e-07,-0.00026659952737649,0.06967700525269893
8.0,RedForwardA,-1.1669262593097587,2.5062942118633553,0.30673048034776484,-2.521618676459306,2.6807510551781566,0.3044900161251891,-1.5265711267922546,2.8223900490293485,0.30706380349802814,3.340507473236259,-2.499582053920133,0.3069015791609633,2.5447903110938808,-2.7852224591882484,0.30726761138906344,1.702701296095866,-3.0434564805401525,0.30709914543918054,0.9783449080052428,-2.78238961732888,0.3072682687933357,-7.76274605910648e-07,-0.00026659952737649,0.06967700525269893
8.064,RedForwardA,-1.1699357235868566,2.503641027860644,0.30525145806478343,-2.5156608937842155,2.6739594548548413,0.3044837738752887,-1.513955498832324,2.8215058759485543,0.30727300998909207,3.334730190211148,-2.5013838923533873,0.30681727625012195,2.5355896485774614,-2.7810897240665553,0.30709484192441394,1.690598577069988,-3.0463510295404332,0.30725728616269576,0.9690873054545798,-2.7783810183185014,0.30709563514495847,-7.76274605910648e-07,-0.00026659952737649,0.06967700525269893
8.128,RedForwardA,-1.1688907944866402,2.500364684931827,0.3044906574796388,-2.506481909236772,2.665274286690833,0.3059513777249096,-1.5041482953753549,2.820008185143555,0.3070639560846813,3.3314625678459198,-2.502908783376762,0.3066339635150059,2.529210751445973,-2.778675594658917,0.30584425325593073,1.6809184213855846,-3.047850573083024,0.30704225835312876,0.9626763261859008,-2.776052817019655,0.30584494830572995,-7.76274605910648e-07,-0.00026659952737649,0.06967700525269893
8.192,RedForwardA,-1.162352841597912,2.494131423411747,0.30448401795398117,-2.4951642456337146,2.6565298509596826,0.3070719641233676,-1.497365583978292,2.819485319866434,0.30580766667034825,3.3336026559562173,-2.5035118466783373,0.3062515445286246,2.526151229912197,-2.7769719710737384,0.30446974712532554,1.6743944875705001,-3.0493739420578962,0.30578487486199174,0.959594880052239,-2.774390278449454,0.3044702824006779,-7.76274605910648e-07,-0.00026659952737649,0.06967700525269893
8.256,RedForwardA,-1.1524304114233204,2.486406794687525,0.3059532677706924,-2.485354327461772,2.6483101104638624,0.3072624791876234,-1.4938977943496654,2.8187677052547566,0.30443719358205024,3.3467255477791524,-2.505518838180175,0.3070299981297892,2.5260052517656297,-2.7734898762777407,0.30398922453648447,1.6709139089077023,-3.049703928873919,0.3044178775411641,0.9594032738036663,-2.77091014813238,0.3039896193566244,-7.76274605910648e-07,-0.00026659952737649,0.06967700525269893
8.32,RedForwardA,-1.1403302056398967,2.4788277392618365,0.30707310675241356,-2.4784284805212122,2.641067347246847,0.3070781872367643,-1.4927340609063526,2.81553990072429,0.30395996940273384,3.359771639122075,-2.5038037226797365,0.30775967871455423,2.53013005461036,-2.765865654038716,0.30404593703500715,1.6687583734887494,-3.0469669690458177,0.3039460229103521,0.9634264883568443,-2.7632309009410707,0.3040462265871955,-7.76274605910648e-07,-0.00026659952737649,0.06967700525269893
8.384,RedForwardA,-1.1297975060597165,2.471528907986265,0.30726489910842014,-2.4734040752327218,2.6364698785353573,0.30582672021998447,-1.4945603663457985,2.8071515555949675,0.30401653197359824,3.3689561948123283,-2.5038318125501475,0.30756562273935495,2.5388156647775166,-2.7555324526385623,0.30751538272164547,1.66769685637654,-3.038407115326223,0.3040078462503445,0.9719727735464984,-2.7527822026998483,0.3075157185411576,-7.76274605910648e-07,-0.00026659952737649,0.06967700525269893
8.448,RedForwardA,-1.1222498180559346,2.4649178926603845,0.3070819026624197,-2.4711628878820107,2.63376294166811,0.3044548466237118,-1.50007089536272,2.7948877741376736,0.30747244159813925,3.3771838422608664,-2.5042349138477196,0.30649685082924955,2.5512192018988573,-2.7393496672462976,0.30839189734624295,1.6688142177344323,-3.0250014805648866,0.3074693186054036,0.9841580143594493,-2.7364344440584043,0.30839230377685833,-7.76274605910648e-07,-0.00026659952737649,0.06967700525269893
8.512,RedForwardA,-1.1168393936015797,2.4607716733897442,0.3058302466066503,-2.4722799469575003,2.630489657635628,0.30397675946299163,-1.5075795112599149,2.7759680619803184,0.3083408006604708,3.379699500120746,-2.503622463742223,0.30686648722309584,2.560947817319271,-2.728120284458229,0.3081813115552379,1.6695996927854813,-3.0046666945502563,0.3083413152730516,0.9937348735632964,-2.725075718909617,0.3081817208661314,-7.76274605910648e-07,-0.00026659952737649,0.06967700525269893
8.576,RedForwardA,-1.1143725541073146,2.4582661820321996,0.30445773590338565,-2.478908908242234,2.62496745497891,0.30403494523201474,-1.5138769508651213,2.7625159208996046,0.308129074761415,3.376848444602287,-2.5032747889630427,0.30645257890772387,2.5668298478200113,-2.721541483827713,0.3067407613764492,1.6710621171508075,-2.989893564738527,0.3081322316551835,0.9995280526769686,-2.718418551463011,0.3067410084374359,-7.76274605910648e-07,-0.00026659952737649,0.06967700525269893
8.64,RedForwardA,-1.1152038525670724,2.4549038964241627,0.30397911262929767,-2.4908162416415456,2.6186285037973676,0.3075002731838733,-1.5177386140175433,2.7546045494653866,0.30670791514142676,3.371006595303209,-2.5026113030612867,0.30606905078550345,2.5689042735653946,-2.7180966699517266,0.3052576008166164,1.6720671747971358,-2.9811442525797847,0.3067098244414221,1.0015561890567923,-2.7149460931117426,0.30525774467851347,-7.76274605910648e-07,-0.00026659952737649,0.06967700525269893
8.704,RedForwardA,-1.1213298000940632,2.44882043019485,0.3040369601063733,-2.508365694297149,2.6082574617995222,0.3083729953993244,-1.5187797639081158,2.750752735874939,0.305237463396594,3.3708691394540744,-2.49689651217692,0.31003115306202045,2.5669267833987255,-2.715283800353602,0.30449405875454977,1.6717635662089656,-2.97715759078797,0.30523852783600947,0.9995413107250368,-2.71215990822616,0.30449413464272745,-7.76274605910648e-07,-0.00026659952737649,0.06967700525269893
8.768,RedForwardA,-1.1326377227578341,2.441465272279166,0.3075029105057544,-2.5215930355709975,2.6014748746599787,0.3081616724045741,-1.516091461467912,2.7486060540838912,0.30448233223795085,3.381663559409514,-2.482831934897913,0.3107396844245648,2.5588186326348397,-2.711314242193181,0.3044854768321037,1.6685122217620587,-2.9760192788465853,0.30448279394413674,0.9913807929436702,-2.708299462269303,0.30448550401365115,-7.76274605910648e-07,-0.00026659952737649,0.06967700525269893
8.832,RedForwardA,-1.1492130126809872,2.4295992315178596,0.30837632825735123,-2.5295048405194804,2.597575194476466,0.3067286888137525,-1.50719120163359,2.7470035762929728,0.3044795887459246,3.3922353222085384,-2.4639746369676163,0.30765623391162017,2.5468072895042635,-2.70745489167488,0.3059563918359754,1.6595848837009073,-2.9774606977875813,0.30447956937130516,0.9793179845603464,-2.7046040032015,0.3059564076673536,-7.76274605910648e-07,-0.00026659952737649,0.06967700525269893
8.896,RedForwardA,-1.1617949724088077,2.4216872927991098,0.3081651218140405,-2.5327061070365966,2.5951597128534387,0.30525040656323293,-1.4944848389436713,2.7464858461004478,0.30595190354397617,3.397879079854669,-2.451877175256475,0.30912237480249394,2.5326929329409995,-2.704224428670053,0.3070674187941884,1.64722780865744,-2.9808777339049355,0.3059463173411629,0.9651522406768532,-2.7015725847875482,0.30706769812066537,-7.76274605910648e-07,-0.00026659952737649,0.06967700525269893
8.96,RedForwardA,-1.1693358782111882,2.4171103046851248,0.3067307766797143,-2.5319120333344904,2.591813582871796,0.30449009343269023,-1.4798410256689651,2.7466728118082226,0.3070636428205925,3.401283710455805,-2.446957812514262,0.30741112078425087,2.5203363133812666,-2.7004550292062244,0.30726778145599243,1.6330822658108084,-2.986010972049133,0.30700469643090755,0.9527411603397107,-2.6979693192491325,0.3072684373833727,-7.76274605910648e-07,-0.00026659952737649,0.06967700525269893
9.024000000000001,RedForwardA,-1.1723155608069655,2.4144233128440376,0.3052516326379573,-2.5258666170806636,2.5851000818048573,0.3044838018786299,-1.4672209330112775,2.7458573654900365,0.30727271920802274,3.3995377250246763,-2.44762868770301,0.3052075604904539,2.5111205238405216,-2.6963548508792963,0.3070950483537398,1.6209990218972,-2.9895696509525758,0.3072485404982881,0.9434695851444656,-2.693991850924652,0.3070958366202651,-7.76274605910648e-07,-0.00026659952737649,0.06967700525269893
9.088000000000001,RedForwardA,-1.1712341329069154,2.411158862541414,0.3044907517607596,-2.5165747892204955,2.5765506851585065,0.3059516711270666,-1.4574058570250388,2.7444138274364738,0.30706370634393904,3.3922501993827,-2.4478077208424542,0.304691139984801,2.504733082850532,-2.693963266984,0.30584443446392007,1.6113264612855192,-2.9915686148125853,0.3070462382343976,0.9370507692112631,-2.6916851860106408,0.30584512397011143,-7.76274605910648e-07,-0.00026659952737649,0.06967700525269893
9.152000000000001,RedForwardA,-1.1646267077367638,2.4049995533041497,0.3044840551320977,-2.5051375076470834,2.5679719203716727,0.3070721449261965,-1.4506204995482366,2.7439286064045585,0.3058074777724114,3.382768940674139,-2.44007097847259,0.306033158748533,2.501667745300424,-2.6922704145932412,0.30446988680016496,1.604822758051537,-2.99342378984012,0.3057953758034362,0.9339639308927284,-2.690032962933571,0.3044704172388344,-7.76274605910648e-07,-0.00026659952737649,0.06967700525269893
9.216000000000001,RedForwardA,-1.154615862353216,2.397400548032153,0.30595348353418644,-2.4952179845197775,2.559882492516741,0.3072627883519207,-1.4471488311241134,2.7432303522922914,0.3044370611877704,3.3725060678322047,-2.4302443384615873,0.30713927931415513,2.5015097691927703,-2.688788776484711,0.3039893276677642,1.6013516094473226,-2.9939444788112786,0.3044291718208757,0.933760928889994,-2.686553422576437,0.30398971843707623,-7.76274605910648e-07,-0.00026659952737649,0.06967700525269893
9.28,RedForwardA,-1.1424226780729032,2.389972241864159,0.30707317463065353,-2.4881984582055394,2.552728477302796,0.30707864117400957,-1.4459673198449898,2.7400092574660198,0.30395987591269524,3.3639047882504394,-2.4211718103287225,0.30728981092705204,2.505607935356088,-2.681149956012503,0.3040460127941604,1.5991644598715529,-2.991316846174197,0.3039554083578231,0.9377586473859808,-2.6788606427630492,0.30404629882202255,-7.76274605910648e-07,-0.00026659952737649,0.06967700525269893
9.344,RedForwardA,-1.1318037985924279,2.3827935584405218,0.3072651882618607,-2.4831153892309024,2.5481946452609328,0.3058271463829241,-1.4477472128502338,2.731611082568051,0.30401646432051954,3.3577406339688642,-2.4134962441856707,0.30706746770933135,2.514257066505821,-2.6707862086748517,0.30751547073066,1.5979879022373509,-2.98281478482539,0.3040151965843141,0.9462698815741496,-2.6683833814659583,0.3075158018728341,-7.76274605910648e-07,-0.00026659952737649,0.06967700525269893
9.408,RedForwardA,-1.1241813973157813,2.376265720160098,0.3070824510610884,-2.4808401031201606,2.5455158151318535,0.30445519459296433,-1.4531896990970639,2.71931715311701,0.30747237301147695,3.3531430658384984,-2.4085767227011807,0.305803456928455,2.526603426633401,-2.654559766690486,0.30839200396710553,1.598916328438686,-2.9694061472797877,0.3074735451059124,0.9584002381308864,-2.651994864311074,0.30839240441881544,-7.76274605910648e-07,-0.00026659952737649,0.06967700525269893
9.472,RedForwardA,-1.1187253559836905,2.3721786459935443,0.305830789147468,-2.4819158235862298,2.542228000746746,0.3039770427602477,-1.460593359548088,2.700356307429811,0.30834074583315396,3.3511077026115075,-2.405709854004759,0.3044309432142832,2.53629231241357,-2.6432961812597218,0.3081814190164398,1.599412408204437,-2.9490635289211005,0.3083441990107993,0.9679389124120636,-2.640604142693853,0.30818182201946587,-7.76274605910648e-07,-0.00026659952737649,0.06967700525269893
9.536,RedForwardA,-1.1162317443991683,2.369699879134878,0.3044581887212142,-2.488474357324575,2.536621286777352,0.3040351876952802,-1.4668161311276509,2.686869626037558,0.308129029493263,3.3523979858555735,-2.4024708512970308,0.3039553450656598,2.5421510852997047,-2.6366966618369245,0.30674082625326804,1.6006610084524466,-2.9342721043895224,0.3081332025198904,0.9737097220461365,-2.633927569195881,0.30674106946368873,-7.76274605910648e-07,-0.00026659952737649,0.06967700525269893
9.6,RedForwardA,-1.1170269393704697,2.3663281220655654,0.30397948856584645,-2.50029979544778,2.530131019695075,0.3075005908519551,-1.470633909834337,2.6789370209869237,0.30670787967711444,3.3592880730125096,-2.3972920778881894,0.30401517539751455,2.5442133773709514,-2.6332445200187387,0.30525763860064314,1.601545519200159,-2.925512510663659,0.30670989937912824,0.9757262409605126,-2.6304483185331646,0.30525778007512244,-7.76274605910648e-07,-0.00026659952737649,0.06967700525269893
9.664,RedForwardA,-1.1230864590367904,2.360177058623486,0.30403729082209396,-2.5177153997620088,2.5195368484861813,0.3083734047388942,-1.4716537288964784,2.6750794856417803,0.3052374366650301,3.371499878590352,-2.3915923945417306,0.30747664197283286,2.5422260229997833,-2.630438617700029,0.3044940786912555,1.6011921004397782,-2.9215325836604973,0.30523823799327054,0.9737020786308102,-2.627668882387643,0.3044941532699922,-7.76274605910648e-07,-0.00026659952737649,0.06967700525269893
9.728,RedForwardA,-1.134312795960251,2.3526976219249676,0.30750335497624254,-2.530854844560006,2.5125861783584837,0.30816209918970006,-1.4689536112290262,2.6729476825592973,0.3044823109510669,3.3895636428088682,-2.382172566092872,0.3083461922852764,2.5341039626855437,-2.6264976781811042,0.30448548398043795,1.5979311604836435,-2.920442016921418,0.30448227180847687,0.9655287062827178,-2.623835806197608,0.3044855106895214,-7.76274605910648e-07,-0.00026659952737649,0.06967700525269893
9.792,RedForwardA,-1.150756251819861,2.340649367298918,0.3083768813549094,-2.5387162819037226,2.50858579918957,0.3067289455444606,-1.4600446503735842,2.671394448200282,0.3044795697376936,3.403135585971695,-2.3761032892932774,0.30813567745648135,2.522078853038108,-2.6226813829952165,0.3059563961990035,1.5890306141511088,-2.922012713201635,0.3044788130297737,0.9534534176797774,-2.6201813491928907,0.30595641149287245,-7.76274605910648e-07,-0.00026659952737649,0.06967700525269893
9.856,RedForwardA,-1.1632499712092257,2.3325992512542357,0.3081656928388048,-2.5418867089662687,2.5061295662272256,0.3052505563113689,-1.447333180291883,2.6709414722139946,0.3059517762521011,3.4112366613365817,-2.372631041217958,0.3067128830933462,2.5079507327995296,-2.6195031566839195,0.30706749019601876,1.5767088929528381,-2.9256045115406657,0.30594460422636055,0.939275241470808,-2.6171997982846533,0.3070677715917226,-7.76274605910648e-07,-0.00026659952737649,0.06967700525269893
9.92,RedForwardA,-1.170740009382635,2.3279392564525208,0.30673112581443257,-2.5410502871419363,2.502793782968029,0.3044901727663387,-1.4326892938244469,2.6711961131437247,0.30706347624320035,3.4145458790577465,-2.3703883436781514,0.30524107308462367,2.495579586881454,-2.615777359002639,0.3072679513046334,1.5629403541518745,-2.93072285309607,0.30706515434708925,0.9268508880297912,-2.613638151545018,0.3072686058685219,-7.76274605910648e-07,-0.00026659952737649,0.06967700525269893
9.984,RedForwardA,-1.173690173503111,2.325219415757703,0.30525183983269666,-2.5349199376746596,2.496157967412427,0.3044838307636668,-1.4200650352068898,2.670451097051639,0.30727241741572037,3.4139151111300565,-2.367001356135059,0.304485040825218,2.486348976907111,-2.611709369230613,0.3070952536112546,1.5507458770784572,-2.934898243034695,0.3072617274836108,0.9175656216942388,-2.6096914454592466,0.3070960373192033,-7.76274605910648e-07,-0.00026659952737649,0.06967700525269893
10.048,RedForwardA,-1.1725731382026436,2.321967009166165,0.3044908652202748,-2.525518924606428,2.48774313307442,0.3059519526463609,-1.4102422133878425,2.6690630773955193,0.307063446793637,3.408224981972338,-2.35996884910876,0.30448180282326476,2.4799531794782297,-2.6093400693201594,0.3058446144045788,1.5409300161438038,-2.9370825140652634,0.30708344080925065,0.9111391352688936,-2.6074060533739964,0.3058452988159994,-7.76274605910648e-07,-0.00026659952737649,0.06967700525269893
10.112,RedForwardA,-1.1658984397164271,2.3158809687808803,0.30448410203883497,-2.513966167862733,2.4793282414267805,0.3070723177077267,-1.403454363634568,2.6686164341359087,0.30580728116784783,3.3994028202446764,-2.3508642517045075,0.3059511204972293,2.476882137742727,-2.6076578692164953,0.3044700254087269,1.5343926052217514,-2.9389916391478343,0.3058332790111959,0.9080470147522749,-2.60576402657775,0.30447055114760996,-7.76274605910648e-07,-0.00026659952737649,0.06967700525269893
10.176,RedForwardA,-1.1558007364164842,2.3084040675103856,0.3059536318490379,-2.5039405871426066,2.471367918941107,0.3072631044791318,-1.3999788320053204,2.66793803568623,0.30443692317389753,3.388467708504852,-2.341606194696125,0.30707281640280815,2.47671232116169,-2.604176723750231,0.303989429932377,1.530926875449817,-2.9394910599276844,0.3044607608553005,0.9078327700386508,-2.602285114066968,0.3039898166988582,-7.76274605910648e-07,-0.00026659952737649,0.06967700525269893
10.24,RedForwardA,-1.143517941086369,2.301120186123437,0.3070731341825494,-2.496830204773727,2.4643020496263275,0.3070791126014158,-1.3987791438093151,2.664723917409782,0.30395977836654686,3.3790079047455537,-2.3329829940490265,0.307263365954964,2.480784147290495,-2.596523587360271,0.3040460878229683,1.5287252199872718,-2.936821067934742,0.30398173586758154,0.9118052830202206,-2.59457906423847,0.30404637046167327,-7.76274605910648e-07,-0.00026659952737649,0.06967700525269893
10.304,RedForwardA,-1.1328162059001023,2.294059889468095,0.3072653369877325,-2.491690395712125,2.4598313381722936,0.3058275906507772,-1.40051142802811,2.656315939680051,0.30401639369969635,3.3723802574240964,-2.3254674456612134,0.30707819541964915,2.489397169075964,-2.586129818447876,0.3075155577779228,1.5274600355935604,-2.9282704753654607,0.30403918749173225,0.920281832766625,-2.5840737322567,0.30751588435040683,-7.76274605910648e-07,-0.00026659952737649,0.06967700525269893
10.368,RedForwardA,-1.1251215303449758,2.2876144436665715,0.3070828927234509,-2.4893820622626484,2.457180491807165,0.30445555775833527,-1.405884036542261,2.643991523018772,0.3074723020587322,3.3675426445925125,-2.320674395452174,0.30582643918868707,2.5016869465151945,-2.5698604869426234,0.3083921093440719,1.5282189781113977,-2.914822807794024,0.3075064880540067,0.9323578923390001,-2.5676451741897055,0.3083925048975969,-7.76274605910648e-07,-0.00026659952737649,0.06967700525269893
10.432,RedForwardA,-1.1196215034355081,2.2835859018118705,0.30583125531074445,-2.490417128822419,2.4538789451182885,0.3039773383914772,-1.4131799395831868,2.6249891447201983,0.30834068902151346,3.365409033903213,-2.317881928272177,0.3044544925979253,2.5113365023300327,-2.558563282444393,0.30818152516098435,1.5284497438376452,-2.894457105796069,0.30838327847688496,0.9418587786577429,-2.5562230018673624,0.3081819243130913,-7.76274605910648e-07,-0.00026659952737649,0.06967700525269893
10.496,RedForwardA,-1.1171020210595934,2.2811336346392808,0.3044585893559469,-2.496905624652998,2.4481902431761973,0.30403544059446386,-1.4193260178693574,2.611467507953515,0.30812898254026677,3.366653782487475,-2.3146579919209573,0.30397636054043814,2.517172249042261,-2.551943394876015,0.30674089032482726,1.5295053731788812,-2.879654972468473,0.30817284184793875,0.9476074536801061,-2.549527355698573,0.306741131615555,-7.76274605910648e-07,-0.00026659952737649,0.06967700525269893
10.56,RedForwardA,-1.1178617436169678,2.2777529236571654,0.3039798306456877,-2.5086489241387846,2.4415526301762265,0.3075009220482025,-1.4230987162775661,2.603513401522874,0.30670784292223857,3.373496790308233,-2.309407960329916,0.3040344925026686,2.5192225401467185,-2.5484840625239586,0.3052576759101991,1.5302723313078688,-2.8708712699633168,0.30673456116875575,0.9496124775150839,-2.54604141497553,0.3052578165912591,-7.76274605910648e-07,-0.00026659952737649,0.06967700525269893
10.624,RedForwardA,-1.1238553353784166,2.2715361197726436,0.3040376007590894,-2.5259305509216854,2.430741350605224,0.30837382862090085,-1.424096649775329,2.599650126345806,0.30523740897907875,3.3856490087202453,-2.303552518356544,0.30749949153422107,2.517225474196844,-2.5456850705772993,0.3044940983730692,1.5298698666795703,-2.866873139209335,0.30525319799040207,0.9475791720571898,-2.5432686597755314,0.3044941728298347,-7.76274605910648e-07,-0.00026659952737649,0.06967700525269893
10.688,RedForwardA,-1.1350002145975426,2.2639353952857535,0.30750377753965186,-2.538981741435008,2.423626978719207,0.308162540006634,-1.4213845133082164,2.597533633329265,0.3044822889183647,3.4036013133091627,-2.2938954691157005,0.3083718895189698,2.509089784688422,-2.541772424450569,0.30448549103103306,1.5266022092319702,-2.865804628890435,0.30449083646501107,0.9393932024159277,-2.539462632109672,0.304485518080874,-7.76274605910648e-07,-0.00026659952737649,0.06967700525269893
10.752,RedForwardA,-1.1513121688013095,2.251709521769704,0.3083774207125797,-2.546792553714431,2.4195284917954245,0.3067292112797245,-1.4124669212723036,2.5960308969654444,0.3044795500760621,3.4170913554500517,-2.287649744153465,0.30816045646145174,2.497051253371411,-2.5379986463299176,0.3059564003594977,1.5177324742708669,-2.8674791421200942,0.3044829175688243,0.927305750089423,-2.5358486702050946,0.30595641712429034,-7.76274605910648e-07,-0.00026659952737649,0.06967700525269893
10.816,RedForwardA,-1.1637177030936872,2.2435245558704775,0.3081662648518231,-2.549932249120091,2.4170326819043395,0.305250711670107,-1.3997506326296343,2.595644247679478,0.30595164687993237,3.4251533367753653,-2.2840715419703415,0.3067279498864903,2.482909726392774,-2.5348720414730903,0.3070675621003507,1.505458394041848,-2.871218891586256,0.30594493873605255,0.9131154647760229,-2.532916406182791,0.3070678468465473,-7.76274605910648e-07,-0.00026659952737649,0.06967700525269893
10.88,RedForwardA,-1.171156868867312,2.2387834588981392,0.30673147987122024,-2.5490544453515898,2.4137075641500316,0.30449025545660374,-1.3851071703773787,2.5959681925643747,0.30706330343114985,3.428448330089824,-2.2817870456156646,0.30524997240171986,2.4705243889475894,-2.531189330974147,0.30726812076136834,1.4917805446622605,-2.876514355944038,0.3070641000004672,0.900678143793861,-2.5293958845186038,0.30726877502803274,-7.76274605910648e-07,-0.00026659952737649,0.06967700525269893
10.944,RedForwardA,-1.174077674133907,2.2360315777030193,0.3052520524994902,-2.5428417936080923,2.407148966584034,0.3044838614609163,-1.3724790727957792,2.595295342313251,0.3072721040970229,3.427788535638904,-2.27841187895664,0.30448986169223224,2.461279259246595,-2.5271531637676627,0.30709545758585094,1.479652791493443,-2.8808502114853143,0.3072596269482746,0.8913794641694326,-2.52547958620637,0.3070962374019887,-7.76274605910648e-07,-0.00026659952737649,0.06967700525269893
11.008000000000001,RedForwardA,-1.1729257749372537,2.2327913360319522,0.30449098413362674,-2.5333351511082878,2.3988674204353457,0.3059522233014497,-1.362648651935701,2.5939642335655506,0.307063176988251,3.4220171796065846,-2.271460763821114,0.3044837157661857,2.454875289092932,-2.5248058879829687,0.3058447930040764,1.4698721620521533,-2.8831648178346656,0.3070816465637044,0.8849454819771747,-2.5232152190892374,0.3058454726148275,-7.76274605910648e-07,-0.00026659952737649,0.06967700525269893
11.072000000000001,RedForwardA,-1.1661857481009064,2.2267779918294557,0.30448415455741257,-2.521670939520206,2.390614543449423,0.307072483013556,-1.3558584787065275,2.593557119108977,0.3058070765053473,3.413078899545729,-2.2624966064540617,0.3059507415811973,2.4517986531401297,-2.523134221730488,0.3044701629037734,1.4633633588373154,-2.885160063317286,0.30583188035875336,0.8818481753658943,-2.521583273680866,0.30447068428797874,-7.76274605910648e-07,-0.00026659952737649,0.06967700525269893
11.136000000000001,RedForwardA,-1.156003327614339,2.2194208951742174,0.3059537226242603,-2.5115423924642717,2.3827820590881026,0.30726344884324386,-1.3523791059596582,2.59289908158462,0.3044367792809328,3.402017278658823,-2.2534106630051336,0.30707157003946944,2.4516171520953254,-2.5196536031415393,0.3039895313059552,1.459905431010324,-2.8857047868820853,0.3044597476776948,0.8816228365264476,-2.5181050092263346,0.3039899143445872,-7.76274605910648e-07,-0.00026659952737649,0.06967700525269893
11.200000000000001,RedForwardA,-1.1436342495295395,2.2122773530560105,0.30707309743297045,-2.5043437601418126,2.3758036502578035,0.30707963742887784,-1.3511608365739056,2.5896922172211023,0.3039596765783782,3.392441388352121,-2.244922988619661,0.3072618602191846,2.4556629332151876,-2.5119864273917214,0.30404616211743024,1.457666965406664,-2.883064218259318,0.3039810487349007,0.8855704333890981,-2.510385944523791,0.3040464414677093,-7.76274605910648e-07,-0.00026659952737649,0.06967700525269893
11.264,RedForwardA,-1.1328523799269463,2.2053341130400277,0.3072654914737094,-2.499149076800169,2.3713955156920306,0.30582808751806556,-1.3528442905671423,2.5812744789481874,0.30401631997915934,3.385714762094072,-2.23749849780684,0.3070772993746253,2.4642402143424165,-2.5015631519729378,0.30751564388570385,1.4562830784491312,-2.874531468416725,0.3040387579584608,0.8940126645542494,-2.499853022410988,0.3075159660586924,-7.76274605910648e-07,-0.00026659952737649,0.06967700525269893
11.328,RedForwardA,-1.1250873438657758,2.1989705811120004,0.3070833110782686,-2.49680877771844,2.368772519030038,0.30445596427676624,-1.358145144368857,2.5689192527671687,0.30747222868555574,3.3808155638770567,-2.2327704240311,0.3058258922631962,2.4764740012398474,-2.4852516841025682,0.3083922135151198,1.456855098332869,-2.861074497981036,0.3075062077654009,0.9060350128817458,-2.4833851259376245,0.30839260343857555,-7.76274605910648e-07,-0.00026659952737649,0.06967700525269893
11.392,RedForwardA,-1.11954445155423,2.1950002092403973,0.30583169525501114,-2.497803948828171,2.3654580115691717,0.3039776694098166,-1.365330424789975,2.549874969850659,0.30834063018352315,3.3786468894447035,-2.2300061494788626,0.30445417201146135,2.4860846257741485,-2.4739214338965057,0.3081816300365834,1.4568029820001147,-2.840707823035784,0.308383093929901,0.915498507087674,-2.471932040717683,0.30818202326981003,-7.76274605910648e-07,-0.00026659952737649,0.06967700525269893
